Doctor,Date,Time,Status
Dr. Mohamed Abbas - Cardiology,2025-09-04,17:00,Available
Dr. Mohamed Abbas - Cardiology,2025-09-04,09:00,Available
Dr. Mohamed Abbas - Cardiology,2025-09-04,15:00,Booked
Dr. Mohamed Abbas - Cardiology,2025-09-05,15:00,Available
Dr. Mohamed Abbas - Cardiology,2025-09-05,11:00,Available
Dr. Mohamed Abbas - Cardiology,2025-09-05,11:00,Booked
Dr. Mohamed Abbas - Cardiology,2025-09-05,15:00,Booked
Dr. Mohamed Abbas - Cardiology,2025-09-06,09:00,Available
Dr. Mohamed Abbas - Cardiology,2025-09-06,15:00,Booked
Dr. Mohamed Abbas - Cardiology,2025-09-06,15:00,Booked
Dr. Mohamed Abbas - Cardiology,2025-09-07,11:00,Available
Dr. Mohamed Abbas - Cardiology,2025-09-07,09:00,Available
Dr. Mohamed Abbas - Cardiology,2025-09-07,17:00,Available
Dr. Mohamed Abbas - Cardiology,2025-09-08,13:00,Booked
Dr. Mohamed Abbas - Cardiology,2025-09-08,15:00,Available
Dr. Mohamed Abbas - Cardiology,2025-09-08,19:00,Available
Dr. Mohamed Abbas - Cardiology,2025-09-08,15:00,Available
Dr. Mohamed Abbas - Cardiology,2025-09-09,19:00,Booked
Dr. Mohamed Abbas - Cardiology,2025-09-09,19:00,Booked
Dr. Mohamed Abbas - Cardiology,2025-09-09,15:00,Booked
Dr. Mohamed Abbas - Cardiology,2025-09-09,17:00,Available
Dr. Mohamed Abbas - Cardiology,2025-09-10,19:00,Available
Dr. Mohamed Abbas - Cardiology,2025-09-10,17:00,Booked
Dr. Mohamed Abbas - Cardiology,2025-09-10,09:00,Available
Dr. Mohamed Abbas - Cardiology,2025-09-10,15:00,Booked
Dr. Sara Youssef - Dermatology,2025-09-04,19:00,Available
Dr. Sara Youssef - Dermatology,2025-09-04,15:00,Available
Dr. Sara Youssef - Dermatology,2025-09-04,17:00,Booked
Dr. Sara Youssef - Dermatology,2025-09-04,13:00,Booked
Dr. Sara Youssef - Dermatology,2025-09-05,11:00,Booked
Dr. Sara Youssef - Dermatology,2025-09-05,13:00,Available
Dr. Sara Youssef - Dermatology,2025-09-05,09:00,Available
Dr. Sara Youssef - Dermatology,2025-09-06,17:00,Booked
Dr. Sara Youssef - Dermatology,2025-09-06,17:00,Booked
Dr. Sara Youssef - Dermatology,2025-09-06,11:00,Booked
Dr. Sara Youssef - Dermatology,2025-09-06,09:00,Available
Dr. Sara Youssef - Dermatology,2025-09-07,11:00,Available
Dr. Sara Youssef - Dermatology,2025-09-07,13:00,Booked
Dr. Sara Youssef - Dermatology,2025-09-07,09:00,Booked
Dr. Sara Youssef - Dermatology,2025-09-07,11:00,Booked
Dr. Sara Youssef - Dermatology,2025-09-08,11:00,Booked
Dr. Sara Youssef - Dermatology,2025-09-08,19:00,Booked
Dr. Sara Youssef - Dermatology,2025-09-08,17:00,Available
Dr. Sara Youssef - Dermatology,2025-09-09,11:00,Available
Dr. Sara Youssef - Dermatology,2025-09-09,09:00,Available
Dr. Sara Youssef - Dermatology,2025-09-09,15:00,Booked
Dr. Sara Youssef - Dermatology,2025-09-10,15:00,Available
Dr. Sara Youssef - Dermatology,2025-09-10,09:00,Booked
Dr. Sara Youssef - Dermatology,2025-09-10,13:00,Available
Dr. Ahmed Nabil - Orthopedics,2025-09-04,09:00,Booked
Dr. Ahmed Nabil - Orthopedics,2025-09-04,19:00,Available
Dr. Ahmed Nabil - Orthopedics,2025-09-04,15:00,Available
Dr. Ahmed Nabil - Orthopedics,2025-09-04,17:00,Booked
Dr. Ahmed Nabil - Orthopedics,2025-09-05,11:00,Available
Dr. Ahmed Nabil - Orthopedics,2025-09-05,19:00,Available
Dr. Ahmed Nabil - Orthopedics,2025-09-05,13:00,Available
Dr. Ahmed Nabil - Orthopedics,2025-09-06,13:00,Booked
Dr. Ahmed Nabil - Orthopedics,2025-09-06,19:00,Booked
Dr. Ahmed Nabil - Orthopedics,2025-09-06,09:00,Booked
Dr. Ahmed Nabil - Orthopedics,2025-09-07,11:00,Booked
Dr. Ahmed Nabil - Orthopedics,2025-09-07,19:00,Available
Dr. Ahmed Nabil - Orthopedics,2025-09-07,15:00,Available
Dr. Ahmed Nabil - Orthopedics,2025-09-07,09:00,Available
Dr. Ahmed Nabil - Orthopedics,2025-09-08,09:00,Available
Dr. Ahmed Nabil - Orthopedics,2025-09-08,19:00,Available
Dr. Ahmed Nabil - Orthopedics,2025-09-08,17:00,Booked
Dr. Ahmed Nabil - Orthopedics,2025-09-08,15:00,Booked
Dr. Ahmed Nabil - Orthopedics,2025-09-09,09:00,Booked
Dr. Ahmed Nabil - Orthopedics,2025-09-09,17:00,Available
Dr. Ahmed Nabil - Orthopedics,2025-09-09,17:00,Available
Dr. Ahmed Nabil - Orthopedics,2025-09-10,17:00,Booked
Dr. Ahmed Nabil - Orthopedics,2025-09-10,13:00,Available
Dr. Ahmed Nabil - Orthopedics,2025-09-10,15:00,Booked
Dr. Ahmed Nabil - Orthopedics,2025-09-10,11:00,Available
Dr. Mona El-Sayed - Pediatrics,2025-09-04,19:00,Booked
Dr. Mona El-Sayed - Pediatrics,2025-09-04,15:00,Booked
Dr. Mona El-Sayed - Pediatrics,2025-09-04,19:00,Booked
Dr. Mona El-Sayed - Pediatrics,2025-09-04,19:00,Booked
Dr. Mona El-Sayed - Pediatrics,2025-09-05,17:00,Booked
Dr. Mona El-Sayed - Pediatrics,2025-09-05,17:00,Booked
Dr. Mona El-Sayed - Pediatrics,2025-09-05,19:00,Available
Dr. Mona El-Sayed - Pediatrics,2025-09-05,11:00,Available
Dr. Mona El-Sayed - Pediatrics,2025-09-06,09:00,Booked
Dr. Mona El-Sayed - Pediatrics,2025-09-06,15:00,Booked
Dr. Mona El-Sayed - Pediatrics,2025-09-06,09:00,Booked
Dr. Mona El-Sayed - Pediatrics,2025-09-07,13:00,Booked
Dr. Mona El-Sayed - Pediatrics,2025-09-07,09:00,Available
Dr. Mona El-Sayed - Pediatrics,2025-09-07,17:00,Available
Dr. Mona El-Sayed - Pediatrics,2025-09-07,17:00,Available
Dr. Mona El-Sayed - Pediatrics,2025-09-08,19:00,Booked
Dr. Mona El-Sayed - Pediatrics,2025-09-08,17:00,Available
Dr. Mona El-Sayed - Pediatrics,2025-09-08,09:00,Available
Dr. Mona El-Sayed - Pediatrics,2025-09-08,11:00,Available
Dr. Mona El-Sayed - Pediatrics,2025-09-09,11:00,Available
Dr. Mona El-Sayed - Pediatrics,2025-09-09,11:00,Booked
Dr. Mona El-Sayed - Pediatrics,2025-09-09,19:00,Available
Dr. Mona El-Sayed - Pediatrics,2025-09-09,11:00,Available
Dr. Mona El-Sayed - Pediatrics,2025-09-10,09:00,Available
Dr. Mona El-Sayed - Pediatrics,2025-09-10,17:00,Booked
Dr. Mona El-Sayed - Pediatrics,2025-09-10,15:00,Available
